<?xml version="1.0" encoding="UTF-8" ?>
<!DOCTYPE mapper PUBLIC "-//mybatis.org//DTD Mapper 3.0//EN" "http://mybatis.org/dtd/mybatis-3-mapper.dtd" >
<mapper namespace="com.next.dao.TrainUserTravellerMapper" >
  <resultMap id="BaseResultMap" type="com.next.model.TrainUserTraveller" >
    <id column="id" property="id" jdbcType="BIGINT" />
    <result column="user_id" property="userId" jdbcType="BIGINT" />
    <result column="traveller_id" property="travellerId" jdbcType="BIGINT" />
  </resultMap>
  <sql id="Base_Column_List" >
    id, user_id, traveller_id
  </sql>
  <select id="selectByPrimaryKey" resultMap="BaseResultMap" parameterType="java.lang.Long" >
    select 
    <include refid="Base_Column_List" />
    from train_user_traveller
    where id = #{id,jdbcType=BIGINT}
  </select>
  <delete id="deleteByPrimaryKey" parameterType="java.lang.Long" >
    delete from train_user_traveller
    where id = #{id,jdbcType=BIGINT}
  </delete>
  <insert id="insert" parameterType="com.next.model.TrainUserTraveller" >
    insert into train_user_traveller (id, user_id, traveller_id
      )
    values (#{id,jdbcType=BIGINT}, #{userId,jdbcType=BIGINT}, #{travellerId,jdbcType=BIGINT}
      )
  </insert>
  <insert id="insertSelective" parameterType="com.next.model.TrainUserTraveller" >
    insert into train_user_traveller
    <trim prefix="(" suffix=")" suffixOverrides="," >
      <if test="id != null" >
        id,
      </if>
      <if test="userId != null" >
        user_id,
      </if>
      <if test="travellerId != null" >
        traveller_id,
      </if>
    </trim>
    <trim prefix="values (" suffix=")" suffixOverrides="," >
      <if test="id != null" >
        #{id,jdbcType=BIGINT},
      </if>
      <if test="userId != null" >
        #{userId,jdbcType=BIGINT},
      </if>
      <if test="travellerId != null" >
        #{travellerId,jdbcType=BIGINT},
      </if>
    </trim>
  </insert>
  <update id="updateByPrimaryKeySelective" parameterType="com.next.model.TrainUserTraveller" >
    update train_user_traveller
    <set >
      <if test="userId != null" >
        user_id = #{userId,jdbcType=BIGINT},
      </if>
      <if test="travellerId != null" >
        traveller_id = #{travellerId,jdbcType=BIGINT},
      </if>
    </set>
    where id = #{id,jdbcType=BIGINT}
  </update>
  <update id="updateByPrimaryKey" parameterType="com.next.model.TrainUserTraveller" >
    update train_user_traveller
    set user_id = #{userId,jdbcType=BIGINT},
      traveller_id = #{travellerId,jdbcType=BIGINT}
    where id = #{id,jdbcType=BIGINT}
  </update>
  <select id="getByUserId" resultType="long">
    SELECT traveller_id
    FROM train_user_traveller
    WHERE user_id = #{userId}
  </select>
</mapper>