<?xml version="1.0" encoding="UTF-8" ?>
<!DOCTYPE mapper PUBLIC "-//mybatis.org//DTD Mapper 3.0//EN" "http://mybatis.org/dtd/mybatis-3-mapper.dtd" >
<mapper namespace="com.next.dao.TrainStationMapper" >
  <resultMap id="BaseResultMap" type="com.next.model.TrainStation" >
    <id column="id" property="id" jdbcType="INTEGER" />
    <result column="name" property="name" jdbcType="VARCHAR" />
    <result column="city_id" property="cityId" jdbcType="INTEGER" />
  </resultMap>
  <sql id="Base_Column_List" >
    id, name, city_id
  </sql>
  <select id="selectByPrimaryKey" resultMap="BaseResultMap" parameterType="java.lang.Integer" >
    select 
    <include refid="Base_Column_List" />
    from train_station
    where id = #{id,jdbcType=INTEGER}
  </select>
  <delete id="deleteByPrimaryKey" parameterType="java.lang.Integer" >
    delete from train_station
    where id = #{id,jdbcType=INTEGER}
  </delete>
  <insert id="insert" parameterType="com.next.model.TrainStation" >
    insert into train_station (id, name, city_id
      )
    values (#{id,jdbcType=INTEGER}, #{name,jdbcType=VARCHAR}, #{cityId,jdbcType=INTEGER}
      )
  </insert>
  <insert id="insertSelective" parameterType="com.next.model.TrainStation" >
    insert into train_station
    <trim prefix="(" suffix=")" suffixOverrides="," >
      <if test="id != null" >
        id,
      </if>
      <if test="name != null" >
        name,
      </if>
      <if test="cityId != null" >
        city_id,
      </if>
    </trim>
    <trim prefix="values (" suffix=")" suffixOverrides="," >
      <if test="id != null" >
        #{id,jdbcType=INTEGER},
      </if>
      <if test="name != null" >
        #{name,jdbcType=VARCHAR},
      </if>
      <if test="cityId != null" >
        #{cityId,jdbcType=INTEGER},
      </if>
    </trim>
  </insert>
  <update id="updateByPrimaryKeySelective" parameterType="com.next.model.TrainStation" >
    update train_station
    <set >
      <if test="name != null" >
        name = #{name,jdbcType=VARCHAR},
      </if>
      <if test="cityId != null" >
        city_id = #{cityId,jdbcType=INTEGER},
      </if>
    </set>
    where id = #{id,jdbcType=INTEGER}
  </update>
  <update id="updateByPrimaryKey" parameterType="com.next.model.TrainStation" >
    update train_station
    set name = #{name,jdbcType=VARCHAR},
      city_id = #{cityId,jdbcType=INTEGER}
    where id = #{id,jdbcType=INTEGER}
  </update>
  <select id="getAll" resultMap="BaseResultMap">
    select
    <include refid="Base_Column_List" />
    from train_station
  </select>
  <select id="countByIdAndNameAndCityId" parameterType="map" resultType="int">
    SELECT count(1)
    FROM train_station
    WHERE name = #{name}
    AND city_id = #{cityId}
    <if test="stationId != null">
      AND id != #{stationId}
    </if>
  </select>
</mapper>